{
  "Dataset A": {
    "KMeans": {
      "silhouette": 0.5216395622404242,
      "davies_bouldin": 0.6853295219054459,
      "calinski_harabasz": 11786.95462267153,
      "noise_ratio": 0.0
    },
    "DBSCAN": {
      "silhouette": 0.5216395622404242,
      "davies_bouldin": 0.6853295219054459,
      "calinski_harabasz": 11786.95462267153,
      "noise_ratio": 0.0
    }
  },
  "Dataset B": {
    "KMeans": {
      "silhouette": 0.3068610017701601,
      "davies_bouldin": 1.3234721699867644,
      "calinski_harabasz": 3573.3933329348392,
      "noise_ratio": 0.0
    },
    "Agglomerative": {
      "silhouette": 0.41976775922231674,
      "davies_bouldin": 0.8791287795996852,
      "calinski_harabasz": 395.4825694831712,
      "noise_ratio": 0.0
    }
  },
  "Dataset C": {
    "KMeans": {
      "silhouette": 0.31554470037825183,
      "davies_bouldin": 1.1577256320598661,
      "calinski_harabasz": 6957.162639510166,
      "noise_ratio": 0.0
    },
    "DBSCAN": {
      "silhouette": 0.812135611234154,
      "davies_bouldin": 0.2449468669104906,
      "calinski_harabasz": 3564.021041770511,
      "noise_ratio": 0.9959333333333333
    }
  }
}